{
    "rmse": 0.9975685628631256,
    "mae": 0.6094380819863014,
    "r2": 0.9650510631605104
}